Worker_ID,Employee_ID,Age,Gender,Department,Salary,Years_of_Experience,Performance_Score,Job_Satisfaction
1001,4001,52.0,Male,HR,,16.0,,
1002,4004,,Other,Operations,,11.0,,3.1
1003,4005,45.0,Male,Engineering,71972.0,,3.2,
1004,4005,45.0,Male,Engineering,71972.0,,3.2,
1005,4005,45.0,Male,Engineering,71972.0,,3.2,
1006,4006,22.0,Other,Marketing,88294.0,23.0,3.2,
1007,4008,49.0,Male,Engineering,,13.0,8.4,4.4
1008,4008,49.0,Male,Engineering,,13.0,8.4,4.4
1009,4008,49.0,Male,Engineering,,13.0,8.4,4.4
1010,4009,57.0,Other,Engineering,,39.0,,3.8
1011,4009,57.0,Other,Engineering,,39.0,,3.8
1012,4009,57.0,Other,Engineering,,39.0,,3.8
1013,4009,57.0,Other,Engineering,,39.0,9.2,3.8
1014,4009,57.0,Other,Engineering,,39.0,9.2,3.8
1015,4009,57.0,Other,Engineering,,39.0,9.2,3.8
1016,4009,57.0,Other,Engineering,,39.0,,3.8
1017,4009,57.0,Other,Engineering,,39.0,,3.8
1018,4009,57.0,Other,Engineering,,39.0,9.2,3.8
1019,4009,57.0,Other,Engineering,,39.0,,3.8
1020,4010,39.0,Other,Sales,47854.0,28.0,2.8,3.5
1021,4010,39.0,Other,Sales,47854.0,28.0,,3.5
1022,4010,39.0,Other,Sales,47854.0,28.0,,3.5
1023,4010,39.0,Other,Sales,47854.0,28.0,2.8,3.5
1024,4010,39.0,Other,Sales,47854.0,28.0,,3.5
1025,4015,,Other,Engineering,114590.0,12.0,2.7,1.1
1026,4016,40.0,Male,Operations,109124.0,16.0,5.4,1.8
1027,4016,40.0,Male,Operations,109124.0,16.0,5.4,1.8
1028,4016,40.0,Male,Operations,109124.0,16.0,5.4,1.8
1029,4016,40.0,Male,Operations,109124.0,16.0,5.4,1.8
1030,4016,40.0,Male,Operations,109124.0,16.0,5.4,1.8
1031,4016,40.0,Male,Operations,109124.0,16.0,5.4,1.8
1032,4016,40.0,Male,Operations,109124.0,16.0,5.4,1.8
1033,4018,35.0,Male,Sales,97554.0,20.0,,2.7
1034,4018,35.0,Male,Sales,97554.0,20.0,,2.7
1035,4018,35.0,Male,Sales,97554.0,20.0,,2.7
1036,4019,24.0,Other,Operations,35621.0,26.0,7.9,1.2
1037,4019,24.0,Other,Operations,35621.0,26.0,7.9,1.2
1038,4019,24.0,Other,Operations,35621.0,26.0,7.9,1.2
1039,4021,51.0,Female,HR,,22.0,1.8,3.2
1040,4021,51.0,Female,HR,83786.0,22.0,1.8,3.2
1041,4024,30.0,Other,Marketing,,17.0,,1.4
1042,4024,30.0,Other,Marketing,,17.0,,1.4
1043,4024,30.0,Other,Marketing,,17.0,,1.4
1044,4024,30.0,Other,Marketing,,17.0,,1.4
1045,4024,30.0,Other,Marketing,,17.0,,1.4
1046,4024,30.0,Other,Marketing,,17.0,,1.4
1047,4024,30.0,Other,Marketing,,17.0,,1.4
1048,4025,,Male,Finance,79841.0,34.0,1.5,4.4
1049,4025,,Male,Finance,79841.0,34.0,1.5,4.4
1050,4025,,Male,Finance,79841.0,34.0,1.5,4.4
1051,4025,,Male,Finance,79841.0,34.0,1.5,4.4
1052,4025,,Male,Finance,79841.0,34.0,1.5,4.4
1053,4028,28.0,Female,Sales,115417.0,36.0,,1.1
1054,4030,25.0,Other,Sales,,20.0,3.2,2.4
1055,4035,61.0,Female,Engineering,,3.0,,1.3
1056,4037,36.0,Other,Operations,89366.0,3.0,,1.2
1057,4037,36.0,Other,Operations,89366.0,3.0,,1.2
1058,4041,61.0,Male,Engineering,,,9.0,
1059,4041,61.0,Male,Engineering,,,9.0,
1060,4045,,Other,Marketing,77320.0,37.0,5.2,2.5
1061,4045,,Other,Marketing,77320.0,37.0,5.2,2.5
1062,4046,23.0,Other,Finance,,3.0,1.9,3.0
1063,4046,23.0,Other,Finance,,3.0,1.9,3.0
1064,4046,23.0,Other,Finance,,3.0,1.9,3.0
1065,4046,23.0,Other,Finance,,3.0,1.9,3.0
1066,4046,23.0,Other,Finance,,3.0,1.9,3.0
1067,4046,23.0,Other,Finance,,3.0,1.9,3.0
1068,4047,55.0,Male,Sales,27599.0,21.0,5.1,2.5
1069,4048,48.0,Male,Finance,112636.0,8.0,4.4,2.0
1070,4049,60.0,Male,Finance,109719.0,22.0,6.2,4.0
1071,4050,59.0,Other,Finance,81165.0,5.0,4.9,2.4
1072,4050,59.0,Other,Finance,81165.0,,4.9,2.4
1073,4050,59.0,Other,Finance,81165.0,5.0,4.9,2.4
1074,4050,59.0,Other,Finance,81165.0,,4.9,2.4
1075,4050,59.0,Other,Finance,81165.0,5.0,4.9,2.4
1076,4050,59.0,Other,Finance,81165.0,,4.9,2.4
1077,4053,40.0,Female,Marketing,,14.0,5.9,3.9
1078,4053,40.0,Female,Marketing,,14.0,5.9,3.9
1079,4054,48.0,Other,Sales,50992.0,39.0,5.3,4.7
1080,4056,,Female,Sales,95916.0,31.0,2.4,2.9
1081,4056,42.0,Female,Sales,95916.0,31.0,2.4,2.9
1082,4056,,Female,Sales,95916.0,31.0,2.4,2.9
1083,4056,42.0,Female,Sales,95916.0,31.0,2.4,2.9
1084,4056,,Female,Sales,95916.0,31.0,2.4,2.9
1085,4057,,Other,Operations,60800.0,17.0,2.7,4.1
1086,4060,52.0,Female,Engineering,,,,1.4
1087,4060,52.0,Female,Engineering,109451.0,,,1.4
1088,4060,52.0,Female,Engineering,,,,1.4
1089,4060,52.0,Female,Engineering,109451.0,,,1.4
1090,4060,52.0,Female,Engineering,109451.0,,,1.4
1091,4060,52.0,Female,Engineering,109451.0,,,1.4
1092,4061,48.0,Female,HR,62487.0,10.0,,1.2
1093,4061,48.0,Female,HR,62487.0,10.0,3.4,1.2
1094,4061,48.0,Female,HR,62487.0,10.0,,1.2
1095,4061,48.0,Female,HR,62487.0,10.0,,1.2
1096,4061,48.0,Female,HR,62487.0,10.0,,1.2
1097,4061,48.0,Female,HR,62487.0,10.0,,1.2
1098,4061,48.0,Female,HR,62487.0,10.0,,1.2
1099,4061,48.0,Female,HR,62487.0,10.0,,1.2
1100,4061,48.0,Female,HR,62487.0,10.0,3.4,1.2
1101,4062,55.0,Male,Marketing,37943.0,18.0,1.3,2.8
1102,4062,55.0,Male,Marketing,37943.0,18.0,,2.8
1103,4062,55.0,Male,Marketing,37943.0,18.0,,2.8
1104,4066,47.0,Female,Engineering,97158.0,30.0,6.8,4.6
1105,4067,49.0,Female,IT,50280.0,,9.3,4.3
1106,4067,49.0,Female,IT,50280.0,,9.3,4.3
1107,4069,52.0,Male,Marketing,26159.0,,,
1108,4070,37.0,Male,IT,95162.0,17.0,,1.5
1109,4070,37.0,Male,IT,95162.0,17.0,8.2,1.5
1110,4071,31.0,Female,Marketing,48440.0,21.0,6.8,1.1
1111,4073,31.0,Male,Sales,77712.0,28.0,8.5,2.2
1112,4073,31.0,Male,Sales,77712.0,28.0,8.5,2.2
1113,4075,,Male,Operations,31589.0,33.0,,1.3
1114,4075,,Male,Operations,31589.0,33.0,,1.3
1115,4075,,Male,Operations,31589.0,33.0,,1.3
1116,4075,,Male,Operations,31589.0,33.0,,1.3
1117,4078,40.0,Other,Sales,60011.0,20.0,2.6,3.5
1118,4078,40.0,Other,Sales,60011.0,20.0,2.6,3.5
1119,4078,40.0,Other,Sales,60011.0,20.0,2.6,3.5
1120,4078,40.0,Other,Sales,60011.0,20.0,2.6,3.5
1121,4079,,Female,Engineering,33177.0,20.0,6.5,3.5
1122,4079,,Female,Engineering,33177.0,20.0,6.5,3.5
1123,4081,34.0,Other,Finance,,12.0,1.7,2.0
1124,4081,34.0,Other,Finance,,12.0,1.7,2.0
1125,4081,34.0,Other,Finance,,12.0,1.7,2.0
1126,4081,34.0,Other,Finance,,12.0,1.7,2.0
1127,4082,46.0,Male,Marketing,116908.0,33.0,1.0,2.5
1128,4082,46.0,Male,Marketing,116908.0,33.0,1.0,2.5
1129,4082,46.0,Male,Marketing,116908.0,33.0,1.0,2.5
1130,4083,,Male,Sales,81831.0,25.0,6.5,
1131,4083,57.0,Male,Sales,81831.0,25.0,6.5,
1132,4083,57.0,Male,Sales,81831.0,25.0,6.5,
1133,4083,,Male,Sales,81831.0,25.0,6.5,
1134,4083,57.0,Male,Sales,81831.0,25.0,6.5,
1135,4083,57.0,Male,Sales,81831.0,25.0,6.5,
1136,4085,,Female,Marketing,48508.0,4.0,7.8,4.6
1137,4085,,Female,Marketing,48508.0,4.0,7.8,4.6
1138,4085,,Female,Marketing,48508.0,4.0,7.8,4.6
1139,4085,,Female,Marketing,48508.0,4.0,7.8,4.6
1140,4086,63.0,Male,Finance,79933.0,4.0,4.4,4.9
1141,4087,60.0,Male,Sales,105501.0,,5.4,3.6
1142,4088,,Male,Engineering,93772.0,15.0,,4.7
1143,4088,,Male,Engineering,93772.0,15.0,,4.7
1144,4091,39.0,Female,Sales,66003.0,,9.7,5.0
1145,4091,39.0,Female,Sales,66003.0,,9.7,5.0
1146,4091,39.0,Female,Sales,66003.0,,9.7,5.0
1147,4093,42.0,Other,Finance,99216.0,7.0,,3.7
1148,4093,42.0,Other,Finance,99216.0,7.0,8.6,3.7
1149,4093,42.0,Other,Finance,99216.0,7.0,,3.7
1150,4095,60.0,Other,HR,,12.0,5.0,2.6
1151,4098,23.0,Other,HR,43165.0,9.0,7.3,2.0
1152,4098,23.0,Other,HR,43165.0,9.0,7.3,2.0
1153,4099,22.0,Female,Operations,115762.0,14.0,9.0,2.3
1154,4099,22.0,Female,Operations,,14.0,9.0,2.3
1155,4099,22.0,Female,Operations,115762.0,14.0,9.0,2.3
1156,4099,22.0,Female,Operations,115762.0,14.0,9.0,2.3
1157,4099,22.0,Female,Operations,115762.0,14.0,9.0,2.3
1158,4101,,Other,Finance,79515.0,33.0,10.0,4.8
1159,4101,,Other,Finance,79515.0,33.0,10.0,4.8
1160,4101,,Other,Finance,79515.0,33.0,10.0,4.8
1161,4101,,Other,Finance,79515.0,33.0,10.0,4.8
1162,4101,,Other,Finance,79515.0,33.0,10.0,4.8
1163,4101,,Other,Finance,79515.0,33.0,10.0,4.8
1164,4105,40.0,Male,Sales,84789.0,16.0,7.2,4.2
1165,4105,40.0,Male,Sales,84789.0,16.0,7.2,4.2
1166,4106,24.0,Female,Finance,76902.0,12.0,,1.6
1167,4106,24.0,Female,Finance,76902.0,12.0,3.9,1.6
1168,4110,49.0,Male,Finance,61044.0,,6.6,1.5
1169,4114,,Other,HR,37836.0,12.0,3.1,3.3
1170,4114,,Other,HR,37836.0,12.0,3.1,3.3
1171,4114,,Other,HR,37836.0,12.0,3.1,3.3
1172,4114,,Other,HR,37836.0,12.0,3.1,3.3
1173,4115,62.0,Female,Sales,99525.0,29.0,4.4,2.8
1174,4118,,Female,Operations,,1.0,6.4,1.6
1175,4118,,Female,Operations,,1.0,6.4,1.6
1176,4118,,Female,Operations,,1.0,6.4,1.6
1177,4118,,Female,Operations,,1.0,6.4,1.6
1178,4120,49.0,Female,Engineering,76334.0,34.0,,4.5
1179,4120,49.0,Female,Engineering,76334.0,34.0,,4.5
1180,4123,,Other,IT,,38.0,7.3,1.2
1181,4123,41.0,Other,IT,,38.0,7.3,1.2
1182,4123,,Other,IT,,38.0,7.3,1.2
1183,4123,,Other,IT,,38.0,7.3,1.2
1184,4123,,Other,IT,,38.0,7.3,1.2
1185,4123,41.0,Other,IT,,38.0,7.3,1.2
1186,4123,,Other,IT,,38.0,7.3,1.2
1187,4125,42.0,Other,Engineering,,,1.1,3.9
1188,4125,42.0,Other,Engineering,,,1.1,3.9
1189,4125,42.0,Other,Engineering,,,1.1,3.9
1190,4125,42.0,Other,Engineering,,,1.1,3.9
1191,4125,42.0,Other,Engineering,,,1.1,3.9
1192,4127,43.0,Female,Finance,80779.0,15.0,,3.7
1193,4127,43.0,Female,Finance,80779.0,15.0,,3.7
1194,4128,47.0,Female,IT,26069.0,7.0,,3.9
1195,4128,47.0,Female,IT,26069.0,7.0,,3.9
1196,4128,47.0,Female,IT,26069.0,7.0,,3.9
1197,4128,47.0,Female,IT,26069.0,7.0,,3.9
1198,4129,32.0,Other,Marketing,79714.0,7.0,3.1,4.7
1199,4131,38.0,Other,Finance,,23.0,6.3,1.8
1200,4131,38.0,Other,Finance,,23.0,6.3,1.8
1201,4131,38.0,Other,Finance,,23.0,6.3,1.8
1202,4131,38.0,Other,Finance,,23.0,6.3,1.8
1203,4138,48.0,Other,Marketing,101041.0,13.0,6.8,2.2
1204,4139,32.0,Male,Sales,102233.0,,,3.2
1205,4142,33.0,Male,Finance,79781.0,8.0,1.5,3.9
1206,4142,33.0,Male,Finance,79781.0,8.0,1.5,3.9
1207,4142,33.0,Male,Finance,79781.0,8.0,1.5,3.9
1208,4142,33.0,Male,Finance,79781.0,8.0,1.5,3.9
1209,4142,33.0,Male,Finance,79781.0,8.0,1.5,3.9
1210,4143,61.0,Other,Engineering,32087.0,23.0,,2.2
1211,4143,61.0,Other,Engineering,32087.0,23.0,,2.2
1212,4143,61.0,Other,Engineering,,23.0,,2.2
1213,4143,61.0,Other,Engineering,,23.0,,2.2
1214,4145,23.0,Other,IT,47789.0,,7.3,1.5
1215,4145,23.0,Other,IT,47789.0,4.0,7.3,1.5
1216,4146,59.0,Female,Operations,81023.0,21.0,,4.2
1217,4146,59.0,Female,Operations,81023.0,21.0,,4.2
1218,4146,59.0,Female,Operations,81023.0,21.0,,4.2
1219,4146,59.0,Female,Operations,81023.0,21.0,5.7,4.2
1220,4147,45.0,Other,Finance,58400.0,10.0,8.5,3.3
1221,4147,45.0,Other,Finance,58400.0,10.0,8.5,3.3
1222,4148,50.0,Male,Sales,27199.0,22.0,1.3,4.6
1223,4149,55.0,Male,Engineering,,30.0,3.4,3.0
1224,4149,55.0,Male,Engineering,,30.0,3.4,3.0
1225,4151,39.0,Male,HR,77062.0,16.0,1.7,4.6
1226,4151,39.0,Male,HR,77062.0,16.0,1.7,4.6
1227,4151,39.0,Male,HR,77062.0,16.0,1.7,4.6
1228,4151,39.0,Male,HR,77062.0,16.0,1.7,4.6
1229,4151,39.0,Male,HR,77062.0,16.0,1.7,4.6
1230,4151,39.0,Male,HR,77062.0,16.0,1.7,4.6
1231,4153,39.0,Female,IT,,22.0,4.5,4.7
1232,4153,39.0,Female,IT,,22.0,4.5,4.7
1233,4153,39.0,Female,IT,,,4.5,4.7
1234,4153,39.0,Female,IT,,22.0,4.5,4.7
1235,4154,23.0,Male,Finance,,,3.5,2.3
1236,4154,23.0,Male,Finance,,,3.5,2.3
1237,4154,23.0,Male,Finance,,,3.5,2.3
1238,4154,23.0,Male,Finance,,,3.5,2.3
1239,4154,23.0,Male,Finance,,,3.5,2.3
1240,4155,,Other,Engineering,80517.0,25.0,1.0,2.5
1241,4155,,Other,Engineering,80517.0,25.0,1.0,2.5
1242,4155,,Other,Engineering,80517.0,25.0,1.0,2.5
1243,4157,55.0,Other,HR,98937.0,14.0,8.5,3.4
1244,4158,62.0,Male,Operations,102195.0,2.0,4.6,3.9
1245,4158,62.0,Male,Operations,102195.0,2.0,4.6,3.9
1246,4160,,Other,Finance,,3.0,3.0,1.6
1247,4160,,Other,Finance,,3.0,3.0,1.6
1248,4161,48.0,Other,Engineering,78095.0,,6.6,2.8
1249,4165,33.0,Other,Marketing,,19.0,9.3,4.6
1250,4165,33.0,Other,Marketing,,19.0,9.3,4.6
1251,4166,51.0,Male,IT,46179.0,,4.4,1.9
1252,4166,51.0,Male,IT,46179.0,,4.4,1.9
1253,4166,51.0,Male,IT,46179.0,,4.4,1.9
1254,4166,51.0,Male,IT,46179.0,,4.4,1.9
1255,4166,51.0,Male,IT,46179.0,,4.4,1.9
1256,4166,51.0,Male,IT,46179.0,,4.4,1.9
1257,4166,51.0,Male,IT,46179.0,,4.4,1.9
1258,4166,51.0,Male,IT,46179.0,,4.4,1.9
1259,4168,,Female,Operations,106646.0,4.0,6.4,4.4
1260,4168,,Female,Operations,106646.0,4.0,6.4,4.4
1261,4168,,Female,Operations,106646.0,4.0,6.4,4.4
1262,4172,,Male,Finance,53478.0,20.0,9.0,1.3
1263,4172,,Male,Finance,53478.0,20.0,9.0,1.3
1264,4172,,Male,Finance,53478.0,20.0,9.0,1.3
1265,4172,,Male,Finance,53478.0,20.0,9.0,1.3
1266,4173,32.0,Male,IT,,33.0,1.4,4.9
1267,4173,32.0,Male,IT,,33.0,1.4,4.9
1268,4173,32.0,Male,IT,,33.0,1.4,4.9
1269,4174,56.0,Male,Marketing,,17.0,2.2,3.4
1270,4174,56.0,Male,Marketing,,17.0,2.2,3.4
1271,4175,25.0,Female,HR,65332.0,5.0,1.7,2.0
1272,4175,25.0,Female,HR,65332.0,5.0,1.7,2.0
1273,4176,50.0,Other,Finance,,5.0,8.6,
1274,4176,50.0,Other,Finance,,5.0,8.6,
1275,4176,50.0,Other,Finance,,5.0,8.6,
1276,4176,50.0,Other,Finance,,5.0,8.6,
1277,4176,50.0,Other,Finance,,5.0,8.6,
1278,4176,50.0,Other,Finance,,5.0,8.6,
1279,4176,50.0,Other,Finance,,5.0,8.6,
1280,4176,50.0,Other,Finance,,5.0,8.6,
1281,4176,50.0,Other,Finance,,5.0,8.6,
1282,4179,,Male,Finance,70900.0,,,4.7
1283,4179,,Male,Finance,70900.0,,,4.7
1284,4181,61.0,Male,Finance,115045.0,4.0,4.6,2.4
1285,4182,29.0,Female,Operations,66098.0,23.0,2.7,2.3
1286,4182,29.0,Female,Operations,66098.0,23.0,2.7,2.3
1287,4182,29.0,Female,Operations,66098.0,23.0,2.7,2.3
1288,4182,29.0,Female,Operations,66098.0,23.0,2.7,2.3
1289,4182,29.0,Female,Operations,66098.0,23.0,2.7,2.3
1290,4182,29.0,Female,Operations,66098.0,23.0,2.7,2.3
1291,4182,29.0,Female,Operations,66098.0,23.0,2.7,2.3
1292,4182,29.0,Female,Operations,66098.0,23.0,2.7,2.3
1293,4182,29.0,Female,Operations,66098.0,23.0,2.7,2.3
1294,4183,59.0,Other,Finance,33294.0,21.0,,1.1
1295,4183,59.0,Other,Finance,33294.0,21.0,,1.1
1296,4183,59.0,Other,Finance,33294.0,21.0,,1.1
1297,4183,59.0,Other,Finance,33294.0,21.0,,1.1
1298,4183,59.0,Other,Finance,33294.0,21.0,,1.1
1299,4183,59.0,Other,Finance,33294.0,21.0,,1.1
1300,4183,59.0,Other,Finance,33294.0,21.0,,1.1
1301,4184,,Other,HR,,21.0,7.1,3.6
1302,4184,,Other,HR,,21.0,7.1,3.6
1303,4185,40.0,Female,IT,63101.0,6.0,5.4,3.1
1304,4188,52.0,Male,Sales,,19.0,8.6,1.7
1305,4189,42.0,Female,Operations,86417.0,38.0,7.5,1.0
1306,4189,42.0,Female,Operations,86417.0,38.0,7.5,1.0
1307,4189,42.0,Female,Operations,86417.0,38.0,7.5,1.0
1308,4190,24.0,Other,Operations,84228.0,12.0,8.5,1.3
1309,4194,,Other,HR,58411.0,19.0,1.1,2.3
1310,4196,33.0,Male,Engineering,,5.0,9.5,4.0
1311,4196,33.0,Male,Engineering,,5.0,9.5,4.0
1312,4198,33.0,Female,Finance,,6.0,,3.8
1313,4198,33.0,Female,Finance,31518.0,6.0,,3.8
1314,4198,33.0,Female,Finance,,6.0,,3.8
1315,4200,41.0,Female,Finance,,3.0,5.2,3.0
1316,4200,41.0,Female,Finance,,3.0,5.2,3.0
1317,4200,41.0,Female,Finance,,3.0,5.2,3.0
1318,4200,41.0,Female,Finance,,3.0,5.2,3.0
1319,4207,43.0,Other,Engineering,,17.0,4.8,2.6
1320,4208,47.0,Female,HR,109192.0,29.0,,3.7
1321,4208,47.0,Female,HR,109192.0,29.0,,3.7
1322,4208,47.0,Female,HR,109192.0,29.0,,3.7
1323,4209,28.0,Other,HR,66811.0,8.0,,4.6
1324,4209,28.0,Other,HR,66811.0,8.0,,4.6
1325,4209,28.0,Other,HR,66811.0,8.0,,4.6
1326,4211,29.0,Other,IT,67974.0,28.0,,1.3
1327,4211,29.0,Other,IT,67974.0,28.0,7.2,1.3
1328,4211,29.0,Other,IT,67974.0,28.0,7.2,1.3
1329,4211,29.0,Other,IT,67974.0,28.0,7.2,1.3
1330,4211,29.0,Other,IT,67974.0,28.0,7.2,1.3
1331,4212,47.0,Female,IT,,34.0,6.6,2.3
1332,4212,47.0,Female,IT,,34.0,6.6,2.3
1333,4212,47.0,Female,IT,,34.0,6.6,2.3
1334,4212,47.0,Female,IT,,34.0,6.6,2.3
1335,4213,45.0,Other,Finance,69830.0,26.0,2.4,1.9
1336,4213,45.0,Other,Finance,69830.0,26.0,2.4,1.9
1337,4213,45.0,Other,Finance,69830.0,26.0,2.4,1.9
1338,4213,45.0,Other,Finance,,26.0,2.4,1.9
1339,4213,45.0,Other,Finance,,26.0,2.4,1.9
1340,4213,45.0,Other,Finance,,26.0,2.4,1.9
1341,4214,45.0,Male,Sales,106983.0,,,2.1
1342,4214,45.0,Male,Sales,106983.0,,,2.1
1343,4214,45.0,Male,Sales,106983.0,,,2.1
1344,4214,45.0,Male,Sales,106983.0,,,2.1
1345,4214,45.0,Male,Sales,106983.0,,,2.1
1346,4214,45.0,Male,Sales,106983.0,,,2.1
1347,4214,45.0,Male,Sales,106983.0,,,2.1
1348,4217,29.0,Other,Operations,110814.0,38.0,,1.5
1349,4220,42.0,Male,Marketing,37905.0,22.0,3.9,1.8
1350,4220,,Male,Marketing,37905.0,,,1.8
1351,4220,,Male,Marketing,37905.0,,,1.8
1352,4220,,Male,Marketing,37905.0,,,1.8
1353,4221,52.0,Male,Engineering,46601.0,,,
1354,4221,52.0,Male,Engineering,46601.0,,,
1355,4221,52.0,Male,Engineering,46601.0,,,
1356,4221,52.0,Male,Engineering,46601.0,,,
1357,4221,52.0,Male,Engineering,46601.0,,,
1358,4224,41.0,Male,Sales,97179.0,4.0,8.9,4.2
1359,4224,41.0,Male,Sales,97179.0,4.0,8.9,4.2
1360,4224,41.0,Male,Sales,97179.0,4.0,8.9,4.2
1361,4229,50.0,Other,HR,83507.0,11.0,4.6,3.3
1362,4229,50.0,Other,HR,83507.0,11.0,4.6,3.3
1363,4232,50.0,Female,IT,,7.0,3.9,4.6
1364,4232,50.0,Female,IT,31306.0,7.0,3.9,4.6
1365,4232,50.0,Female,IT,31306.0,7.0,3.9,4.6
1366,4232,50.0,Female,IT,31306.0,7.0,3.9,4.6
1367,4232,50.0,Female,IT,,7.0,3.9,4.6
1368,4232,50.0,Female,IT,31306.0,7.0,3.9,4.6
1369,4232,50.0,Female,IT,31306.0,7.0,3.9,4.6
1370,4232,50.0,Female,IT,31306.0,7.0,3.9,4.6
1371,4232,50.0,Female,IT,31306.0,7.0,3.9,4.6
1372,4235,36.0,Female,Finance,37363.0,25.0,7.4,2.7
1373,4236,64.0,Female,HR,39066.0,1.0,,1.1
1374,4240,37.0,Other,Finance,36752.0,1.0,,2.3
1375,4240,37.0,Other,Finance,36752.0,1.0,,2.3
1376,4240,37.0,Other,Finance,36752.0,1.0,,2.3
1377,4241,,Female,Finance,32482.0,,3.6,2.5
1378,4241,,Female,Finance,32482.0,38.0,3.6,2.5
1379,4241,,Female,Finance,32482.0,38.0,,2.5
1380,4241,,Female,Finance,32482.0,38.0,3.6,2.5
1381,4243,35.0,Female,HR,115088.0,38.0,9.8,2.3
1382,4244,45.0,Male,Sales,,35.0,6.4,4.6
1383,4244,45.0,Male,Sales,,35.0,6.4,4.6
1384,4245,,Female,IT,115917.0,10.0,7.5,1.1
1385,4245,,Female,IT,115917.0,10.0,7.5,1.1
1386,4245,,Female,IT,115917.0,10.0,7.5,1.1
1387,4245,,Female,IT,115917.0,10.0,7.5,1.1
1388,4245,,Female,IT,115917.0,10.0,7.5,1.1
1389,4247,58.0,Female,Engineering,82558.0,10.0,1.5,1.1
1390,4247,58.0,Female,Engineering,82558.0,10.0,1.5,1.1
1391,4247,58.0,Female,Engineering,82558.0,10.0,1.5,1.1
1392,4249,30.0,Other,Operations,109620.0,24.0,,1.7
1393,4251,57.0,Male,Sales,34909.0,22.0,1.2,4.5
1394,4251,57.0,Male,Sales,34909.0,22.0,1.2,4.5
1395,4251,57.0,Male,Sales,,22.0,1.2,4.5
1396,4251,57.0,Male,Sales,,22.0,1.2,4.5
1397,4252,50.0,Other,IT,116467.0,16.0,8.8,
1398,4252,50.0,Other,IT,116467.0,16.0,8.8,
1399,4256,52.0,Other,Marketing,,,5.1,
1400,4256,52.0,Other,Marketing,,,5.1,
1401,4257,64.0,Female,HR,,14.0,4.1,3.2
1402,4257,64.0,Female,HR,,14.0,4.1,3.2
1403,4261,63.0,Male,Sales,60607.0,19.0,4.2,4.1
1404,4262,,Female,Engineering,,22.0,6.1,4.8
1405,4262,,Female,Engineering,,22.0,6.1,4.8
1406,4263,31.0,Other,Finance,61281.0,1.0,3.1,1.5
1407,4263,31.0,Other,Finance,61281.0,1.0,,1.5
1408,4263,31.0,Other,Finance,61281.0,1.0,3.1,1.5
1409,4263,31.0,Other,Finance,61281.0,1.0,3.1,1.5
1410,4268,58.0,Other,Marketing,36913.0,6.0,8.8,4.0
1411,4268,58.0,Other,Marketing,36913.0,6.0,8.8,4.0
1412,4268,58.0,Other,Marketing,36913.0,6.0,8.8,4.0
1413,4268,58.0,Other,Marketing,36913.0,6.0,8.8,4.0
1414,4268,58.0,Other,Marketing,36913.0,6.0,8.8,4.0
1415,4268,58.0,Other,Marketing,36913.0,6.0,8.8,4.0
1416,4269,29.0,Other,IT,35101.0,15.0,1.2,2.9
1417,4269,29.0,Other,IT,35101.0,15.0,1.2,2.9
1418,4270,35.0,Female,IT,43631.0,36.0,7.1,3.2
1419,4272,28.0,Female,Operations,61870.0,24.0,,3.2
1420,4272,28.0,Female,Operations,61870.0,24.0,,3.2
1421,4277,43.0,Male,Operations,116118.0,29.0,,2.4
1422,4280,,Female,Finance,106855.0,34.0,7.7,2.5
1423,4280,35.0,Female,Finance,106855.0,34.0,7.7,2.5
1424,4280,,Female,Finance,106855.0,34.0,7.7,2.5
1425,4280,,Female,Finance,106855.0,34.0,7.7,2.5
1426,4280,,Female,Finance,106855.0,34.0,7.7,2.5
1427,4280,35.0,Female,Finance,106855.0,34.0,7.7,2.5
1428,4280,,Female,Finance,106855.0,34.0,7.7,2.5
1429,4280,35.0,Female,Finance,106855.0,34.0,7.7,2.5
1430,4280,,Female,Finance,106855.0,34.0,7.7,2.5
1431,4280,35.0,Female,Finance,106855.0,34.0,7.7,2.5
1432,4280,35.0,Female,Finance,106855.0,34.0,7.7,2.5
1433,4280,35.0,Female,Finance,106855.0,34.0,7.7,2.5
1434,4282,47.0,Male,Sales,70483.0,18.0,1.5,4.5
1435,4282,47.0,Male,Sales,,18.0,1.5,4.5
1436,4282,,Male,Sales,70483.0,18.0,1.5,4.5
1437,4282,47.0,Male,Sales,,18.0,1.5,4.5
1438,4287,40.0,Female,Engineering,25526.0,32.0,1.7,4.4
1439,4287,40.0,Female,Engineering,25526.0,32.0,1.7,4.4
1440,4287,40.0,Female,Engineering,25526.0,32.0,1.7,4.4
1441,4288,60.0,Other,IT,26753.0,10.0,7.6,
1442,4288,60.0,Other,IT,26753.0,10.0,7.6,
1443,4290,34.0,Female,IT,39656.0,9.0,9.6,1.7
1444,4293,45.0,Male,Engineering,87995.0,35.0,,4.5
1445,4293,,Male,Engineering,87995.0,35.0,,4.5
1446,4293,,Male,Engineering,87995.0,35.0,,4.5
1447,4293,,Male,Engineering,87995.0,35.0,,4.5
1448,4293,,Male,Engineering,87995.0,35.0,,4.5
1449,4293,,Male,Engineering,87995.0,35.0,,4.5
1450,4295,29.0,Female,HR,108574.0,4.0,7.5,3.6
1451,4295,29.0,Female,HR,108574.0,4.0,7.5,3.6
1452,4296,47.0,Female,HR,103277.0,,7.5,3.1
1453,4296,47.0,Female,HR,103277.0,,7.5,3.1
1454,4296,47.0,Female,HR,103277.0,,7.5,3.1
1455,4297,36.0,Female,Engineering,95377.0,39.0,,2.3
1456,4297,36.0,Female,Engineering,95377.0,39.0,,2.3
1457,4298,22.0,Male,Finance,90402.0,33.0,8.7,4.9
1458,4298,22.0,Male,Finance,90402.0,33.0,8.7,4.9
1459,4300,,Female,Sales,,,4.1,
1460,4300,,Female,Sales,,,4.1,
1461,4300,,Female,Sales,,,4.1,
1462,4300,,Female,Sales,,,4.1,
1463,4300,,Female,Sales,,,4.1,
1464,4300,,Female,Sales,,,4.1,
1465,4301,63.0,Male,Engineering,39418.0,24.0,,3.1
1466,4301,63.0,Male,Engineering,39418.0,24.0,,3.1
1467,4301,63.0,Male,Engineering,39418.0,24.0,,3.1
1468,4304,27.0,Female,Marketing,118417.0,19.0,,
1469,4305,26.0,Female,Sales,78787.0,,4.7,3.3
1470,4306,,Female,IT,105123.0,11.0,4.5,
1471,4309,36.0,Male,Marketing,90984.0,3.0,1.2,3.9
1472,4309,36.0,Male,Marketing,90984.0,3.0,1.2,3.9
1473,4309,36.0,Male,Marketing,90984.0,3.0,1.2,3.9
1474,4309,,Male,Marketing,,3.0,1.2,3.9
1475,4309,36.0,Male,Marketing,90984.0,3.0,1.2,3.9
1476,4310,64.0,Female,Engineering,77462.0,22.0,1.5,4.0
1477,4310,64.0,Female,Engineering,77462.0,22.0,1.5,4.0
1478,4310,64.0,Female,Engineering,77462.0,22.0,1.5,4.0
1479,4310,64.0,Female,Engineering,77462.0,22.0,1.5,4.0
1480,4310,64.0,Female,Engineering,77462.0,22.0,1.5,4.0
1481,4310,64.0,Female,Engineering,77462.0,22.0,1.5,4.0
1482,4310,64.0,Female,Engineering,77462.0,22.0,1.5,4.0
1483,4310,64.0,Female,Engineering,77462.0,22.0,1.5,4.0
1484,4310,64.0,Female,Engineering,77462.0,22.0,1.5,4.0
1485,4312,,Female,Finance,98644.0,21.0,9.6,1.0
1486,4312,,Female,Finance,98644.0,21.0,9.6,1.0
1487,4314,32.0,Female,Marketing,101979.0,39.0,,
1488,4314,32.0,Female,Marketing,101979.0,39.0,,
1489,4314,32.0,Female,Marketing,101979.0,39.0,,
1490,4315,,Other,IT,47435.0,2.0,9.4,1.1
1491,4315,,Other,IT,47435.0,2.0,9.4,1.1
1492,4315,,Other,IT,47435.0,2.0,9.4,1.1
1493,4316,27.0,Male,Marketing,82728.0,1.0,7.0,4.9
1494,4317,44.0,Female,IT,26238.0,7.0,8.6,1.9
1495,4317,44.0,Female,IT,26238.0,7.0,8.6,1.9
1496,4317,44.0,Female,IT,26238.0,7.0,8.6,1.9
1497,4317,44.0,Female,IT,26238.0,7.0,8.6,1.9
1498,4322,43.0,Male,Marketing,,35.0,3.6,
1499,4322,43.0,Male,Marketing,60584.0,35.0,3.6,
1500,4324,61.0,Male,IT,,8.0,9.0,2.6
1501,4325,51.0,Female,Engineering,59505.0,4.0,7.5,5.0
1502,4325,51.0,Female,Engineering,59505.0,4.0,7.5,5.0
1503,4325,,Female,Engineering,59505.0,4.0,7.5,5.0
1504,4325,51.0,Female,Engineering,59505.0,4.0,7.5,5.0
1505,4325,51.0,Female,Engineering,59505.0,4.0,7.5,5.0
1506,4325,51.0,Female,Engineering,59505.0,4.0,7.5,5.0
1507,4328,30.0,Male,Finance,71998.0,7.0,,4.9
1508,4330,59.0,Male,HR,80701.0,1.0,5.2,5.0
1509,4330,,Male,HR,80701.0,1.0,5.2,5.0
1510,4330,59.0,Male,HR,80701.0,1.0,5.2,5.0
1511,4330,,Male,HR,80701.0,1.0,5.2,5.0
1512,4330,,Male,HR,80701.0,1.0,5.2,5.0
1513,4330,,Male,HR,80701.0,1.0,5.2,5.0
1514,4330,,Male,HR,80701.0,1.0,5.2,5.0
1515,4330,,Male,HR,80701.0,1.0,5.2,5.0
1516,4330,,Male,HR,80701.0,1.0,5.2,5.0
1517,4330,,Male,HR,80701.0,1.0,5.2,5.0
1518,4330,,Male,HR,80701.0,1.0,5.2,5.0
1519,4332,39.0,Other,Operations,58178.0,,,3.0
1520,4332,39.0,Other,Operations,58178.0,,,3.0
1521,4332,39.0,Other,Operations,58178.0,,,3.0
1522,4332,39.0,Other,Operations,58178.0,,,3.0
1523,4333,48.0,Other,IT,,7.0,9.9,3.8
1524,4334,39.0,Female,Marketing,44329.0,24.0,4.3,1.4
1525,4335,53.0,Male,Marketing,82254.0,5.0,8.6,2.8
1526,4335,53.0,Male,Marketing,82254.0,5.0,8.6,2.8
1527,4335,53.0,Male,Marketing,82254.0,5.0,8.6,2.8
1528,4336,53.0,Female,Operations,109029.0,21.0,5.8,4.2
1529,4336,53.0,Female,Operations,109029.0,21.0,5.8,4.2
1530,4336,53.0,Female,Operations,109029.0,21.0,5.8,4.2
1531,4336,53.0,Female,Operations,109029.0,21.0,5.8,4.2
1532,4336,53.0,Female,Operations,109029.0,,5.8,4.2
1533,4339,,Female,Finance,65068.0,,7.4,4.0
1534,4340,53.0,Male,Engineering,83951.0,32.0,5.7,2.0
1535,4340,,Male,Engineering,83951.0,32.0,5.7,2.0
1536,4340,,Male,Engineering,83951.0,32.0,5.7,2.0
1537,4340,,Male,Engineering,83951.0,32.0,5.7,2.0
1538,4341,,Male,HR,112629.0,33.0,,
1539,4341,,Male,HR,112629.0,33.0,,
1540,4341,,Male,HR,112629.0,33.0,,
1541,4342,58.0,Female,Finance,60171.0,,1.8,2.8
1542,4342,58.0,Female,Finance,60171.0,,1.8,2.8
1543,4343,37.0,Other,HR,,9.0,6.9,1.8
1544,4343,37.0,Other,HR,,9.0,,1.8
1545,4344,35.0,Female,Marketing,68270.0,,9.2,4.5
1546,4345,,Female,IT,45785.0,,1.8,2.7
1547,4345,,Female,IT,45785.0,,1.8,2.7
1548,4345,,Female,IT,45785.0,,1.8,2.7
1549,4345,,Female,IT,45785.0,,1.8,2.7
1550,4345,,Female,IT,45785.0,,1.8,2.7
1551,4351,32.0,Other,Finance,28582.0,16.0,6.4,2.6
1552,4354,45.0,Male,Operations,65000.0,39.0,1.4,1.1
1553,4355,23.0,Other,Engineering,26085.0,,,4.5
1554,4355,23.0,Other,Engineering,26085.0,,,4.5
1555,4355,23.0,Other,Engineering,,,,4.5
1556,4356,,Male,Sales,106427.0,34.0,7.7,2.4
1557,4356,,Male,Sales,106427.0,34.0,7.7,2.4
1558,4357,55.0,Female,Operations,40600.0,24.0,,3.6
1559,4358,44.0,Male,Finance,84801.0,18.0,,
1560,4358,44.0,Male,Finance,84801.0,18.0,,
1561,4358,44.0,Male,Finance,84801.0,18.0,,
1562,4358,44.0,Male,Finance,84801.0,18.0,,
1563,4358,44.0,Male,Finance,84801.0,18.0,,
1564,4358,44.0,Male,Finance,84801.0,18.0,,
1565,4362,54.0,Male,Sales,95410.0,8.0,5.4,4.0
1566,4362,54.0,Male,Sales,95410.0,8.0,5.4,4.0
1567,4362,54.0,Male,Sales,95410.0,8.0,5.4,4.0
1568,4362,54.0,Male,Sales,95410.0,8.0,5.4,4.0
1569,4363,28.0,Female,IT,104303.0,24.0,3.8,3.1
1570,4363,28.0,Female,IT,104303.0,24.0,3.8,3.1
1571,4364,53.0,Male,Operations,77188.0,20.0,,3.5
1572,4364,53.0,Male,Operations,77188.0,20.0,,3.5
1573,4365,28.0,Other,IT,51825.0,30.0,,4.0
1574,4365,28.0,Other,IT,51825.0,30.0,,4.0
1575,4365,28.0,Other,IT,51825.0,30.0,,4.0
1576,4366,63.0,Male,Finance,35913.0,20.0,4.1,4.4
1577,4366,63.0,Male,Finance,35913.0,20.0,4.1,4.4
1578,4367,59.0,Other,Finance,106751.0,18.0,8.2,4.0
1579,4369,,Female,Marketing,39332.0,36.0,,5.0
1580,4369,,Female,Marketing,39332.0,,9.1,5.0
1581,4369,,Female,Marketing,39332.0,,9.1,5.0
1582,4369,,Female,Marketing,39332.0,,9.1,5.0
1583,4371,53.0,Male,HR,,,9.2,1.1
1584,4371,53.0,Male,HR,,,9.2,1.1
1585,4371,53.0,Male,HR,,,9.2,1.1
1586,4372,64.0,Other,Sales,113095.0,18.0,5.7,2.5
1587,4372,64.0,Other,Sales,113095.0,18.0,5.7,2.5
1588,4373,39.0,Other,HR,,,,1.5
1589,4373,39.0,Other,HR,51570.0,,3.0,1.5
1590,4373,39.0,Other,HR,,,,1.5
1591,4373,39.0,Other,HR,,,,1.5
1592,4375,55.0,Female,Engineering,40900.0,35.0,2.9,2.1
1593,4375,55.0,Female,Engineering,40900.0,35.0,2.9,2.1
1594,4375,55.0,Female,Engineering,40900.0,35.0,2.9,2.1
1595,4376,59.0,Female,Engineering,83415.0,6.0,3.4,1.2
1596,4377,22.0,Female,Operations,92567.0,26.0,3.1,3.8
1597,4377,22.0,Female,Operations,92567.0,26.0,3.1,3.8
1598,4377,,Female,Operations,92567.0,26.0,,3.8
1599,4378,64.0,Male,Engineering,,,5.6,1.3
1600,4378,64.0,Male,Engineering,,,5.6,1.3
1601,4378,64.0,Male,Engineering,,,5.6,1.3
1602,4378,64.0,Male,Engineering,,,5.6,1.3
1603,4382,,Female,Finance,110476.0,32.0,8.9,2.1
1604,4383,60.0,Male,HR,33988.0,12.0,6.1,3.3
1605,4386,,Female,HR,27977.0,,2.5,4.5
1606,4386,,Female,HR,27977.0,,2.5,4.5
1607,4387,,Other,Finance,79641.0,27.0,6.2,1.7
1608,4387,,Other,Finance,79641.0,27.0,6.2,1.7
1609,4387,,Other,Finance,79641.0,27.0,6.2,1.7
1610,4387,62.0,Other,Finance,79641.0,27.0,6.2,1.7
1611,4387,,Other,Finance,79641.0,27.0,6.2,1.7
1612,4387,,Other,Finance,79641.0,27.0,6.2,1.7
1613,4387,62.0,Other,Finance,79641.0,27.0,6.2,1.7
1614,4388,55.0,Female,Sales,26268.0,15.0,5.2,
1615,4388,55.0,Female,Sales,26268.0,15.0,5.2,
1616,4388,55.0,Female,Sales,26268.0,15.0,5.2,
1617,4388,55.0,Female,Sales,26268.0,15.0,5.2,
1618,4388,55.0,Female,Sales,26268.0,15.0,5.2,
1619,4391,63.0,Male,Engineering,45764.0,26.0,,1.3
1620,4391,63.0,Male,Engineering,45764.0,26.0,7.8,1.3
1621,4391,63.0,Male,Engineering,45764.0,26.0,7.8,1.3
1622,4391,63.0,Male,Engineering,45764.0,26.0,,1.3
1623,4392,,Male,Marketing,84912.0,23.0,9.5,3.2
1624,4392,,Male,Marketing,84912.0,23.0,9.5,3.2
1625,4394,26.0,Female,Marketing,40032.0,26.0,2.9,2.0
1626,4397,51.0,Female,Finance,34796.0,2.0,3.6,
1627,4397,51.0,Female,Finance,34796.0,2.0,3.6,
1628,4398,26.0,Female,Marketing,57863.0,,2.9,3.3
1629,4398,26.0,Female,Marketing,57863.0,,2.9,3.3
1630,4398,26.0,Female,Marketing,57863.0,,2.9,3.3
1631,4398,26.0,Female,Marketing,57863.0,,2.9,3.3
1632,4399,33.0,Other,Operations,106014.0,23.0,4.6,
1633,4399,33.0,Other,Operations,106014.0,23.0,4.6,
1634,4399,33.0,Other,Operations,106014.0,23.0,4.6,
1635,4399,33.0,Other,Operations,106014.0,23.0,4.6,
1636,4399,33.0,Other,Operations,106014.0,23.0,4.6,
1637,4399,33.0,Other,Operations,106014.0,23.0,4.6,
1638,4399,33.0,Other,Operations,106014.0,23.0,4.6,
1639,4400,28.0,Female,Marketing,57117.0,36.0,2.0,3.6
1640,4400,28.0,Female,Marketing,57117.0,36.0,2.0,3.6
1641,4401,,Other,Engineering,,,1.3,4.8
1642,4401,34.0,Other,Engineering,,,,4.8
1643,4401,,Other,Engineering,,,1.3,4.8
1644,4401,34.0,Other,Engineering,,,,4.8
1645,4401,,Other,Engineering,,,1.3,4.8
1646,4401,34.0,Other,Engineering,,6.0,1.3,4.8
1647,4402,25.0,Male,Marketing,,,6.9,
1648,4402,25.0,Male,Marketing,,,6.9,
1649,4402,25.0,Male,Marketing,,,6.9,
1650,4403,,Female,Operations,32021.0,38.0,6.5,3.4
1651,4404,24.0,Other,Marketing,105721.0,34.0,7.4,3.8
1652,4404,24.0,Other,Marketing,105721.0,34.0,7.4,3.8
1653,4404,24.0,Other,Marketing,105721.0,34.0,7.4,3.8
1654,4404,24.0,Other,Marketing,105721.0,34.0,7.4,3.8
1655,4405,33.0,Female,HR,78096.0,17.0,6.9,2.6
1656,4406,,Other,HR,96404.0,3.0,2.0,
1657,4406,,Other,HR,96404.0,3.0,2.0,
1658,4406,,Other,HR,96404.0,3.0,2.0,
1659,4407,48.0,Other,Sales,38071.0,34.0,,4.9
1660,4407,48.0,Other,Sales,38071.0,34.0,,4.9
1661,4411,29.0,Male,Marketing,65058.0,5.0,2.8,4.4
1662,4411,,Male,Marketing,65058.0,5.0,2.8,4.4
1663,4411,,Male,Marketing,65058.0,5.0,2.8,4.4
1664,4411,29.0,Male,Marketing,65058.0,5.0,2.8,4.4
1665,4411,,Male,Marketing,65058.0,5.0,2.8,4.4
1666,4411,29.0,Male,Marketing,65058.0,5.0,2.8,4.4
1667,4413,41.0,Female,Finance,116502.0,,9.7,1.2
1668,4414,,Male,Operations,69470.0,9.0,6.3,
1669,4414,,Male,Operations,69470.0,9.0,6.3,
1670,4415,,Female,Finance,112826.0,21.0,8.2,1.1
1671,4417,56.0,Male,HR,58575.0,10.0,2.9,2.3
1672,4418,59.0,Female,Engineering,,,8.1,2.9
1673,4418,59.0,Female,Engineering,,,8.1,2.9
1674,4418,59.0,Female,Engineering,,,8.1,2.9
1675,4419,63.0,Female,Marketing,46661.0,11.0,7.2,4.2
1676,4419,63.0,Female,Marketing,46661.0,11.0,7.2,4.2
1677,4419,63.0,Female,Marketing,46661.0,11.0,7.2,4.2
1678,4419,63.0,Female,Marketing,46661.0,11.0,7.2,4.2
1679,4422,60.0,Male,Engineering,56147.0,34.0,6.1,2.6
1680,4426,58.0,Other,Operations,72429.0,,8.8,4.3
1681,4426,58.0,Other,Operations,72429.0,,8.8,4.3
1682,4427,,Other,Engineering,,8.0,3.8,4.5
1683,4427,,Other,Engineering,,8.0,3.8,4.5
1684,4427,,Other,Engineering,,8.0,3.8,4.5
1685,4433,41.0,Other,IT,62304.0,,8.6,3.7
1686,4433,41.0,Other,IT,62304.0,,8.6,3.7
1687,4433,41.0,Other,IT,62304.0,8.0,8.6,3.7
1688,4433,41.0,Other,IT,62304.0,,8.6,3.7
1689,4433,41.0,Other,IT,62304.0,,8.6,3.7
1690,4434,23.0,Female,Operations,,7.0,8.2,1.9
1691,4434,23.0,Female,Operations,,7.0,8.2,1.9
1692,4435,36.0,Male,Sales,115330.0,13.0,7.6,2.5
1693,4438,35.0,Male,Engineering,,11.0,6.5,4.6
1694,4438,35.0,Male,Engineering,,11.0,6.5,4.6
1695,4438,35.0,Male,Engineering,,11.0,6.5,4.6
1696,4438,35.0,Male,Engineering,,11.0,6.5,4.6
1697,4438,35.0,Male,Engineering,,11.0,6.5,4.6
1698,4440,55.0,Female,HR,46414.0,11.0,9.0,4.6
1699,4442,58.0,Female,Engineering,118005.0,34.0,4.9,4.0
1700,4443,46.0,Male,Operations,44439.0,17.0,5.2,4.7
1701,4445,33.0,Female,Sales,83220.0,25.0,7.1,1.2
1702,4445,33.0,Female,Sales,83220.0,25.0,7.1,1.2
1703,4446,30.0,Male,IT,71785.0,,4.7,1.8
1704,4446,30.0,Male,IT,71785.0,,4.7,1.8
1705,4447,52.0,Female,Operations,61973.0,8.0,,2.9
1706,4447,52.0,Female,Operations,61973.0,8.0,,2.9
1707,4447,,Female,Operations,61973.0,8.0,,2.9
1708,4447,52.0,Female,Operations,61973.0,8.0,,2.9
1709,4447,52.0,Female,Operations,61973.0,8.0,,2.9
1710,4447,52.0,Female,Operations,61973.0,8.0,,2.9
1711,4449,50.0,Male,Operations,98318.0,5.0,1.9,3.6
1712,4450,64.0,Female,Marketing,93196.0,12.0,8.5,4.8
1713,4452,,Female,Operations,,,5.1,2.8
1714,4452,,Female,Operations,,,5.1,2.8
1715,4452,,Female,Operations,,,5.1,2.8
1716,4452,63.0,Female,Operations,95854.0,18.0,5.1,2.8
1717,4452,,Female,Operations,,,5.1,2.8
1718,4452,63.0,Female,Operations,95854.0,18.0,5.1,2.8
1719,4456,37.0,Female,Operations,40405.0,,3.2,2.9
1720,4456,37.0,Female,Operations,40405.0,,3.2,2.9
1721,4456,37.0,Female,Operations,40405.0,,3.2,2.9
1722,4461,52.0,Other,Engineering,,,2.3,
1723,4461,52.0,Other,Engineering,,,2.3,
1724,4461,52.0,Other,Engineering,,,2.3,
1725,4461,52.0,Other,Engineering,,,2.3,
1726,4464,31.0,Female,Sales,44330.0,,8.0,3.3
1727,4465,,Female,HR,106266.0,31.0,3.2,2.2
1728,4465,,Female,HR,106266.0,31.0,3.2,2.2
1729,4466,53.0,Other,IT,28236.0,8.0,7.6,3.3
1730,4466,53.0,Other,IT,28236.0,8.0,7.6,3.3
1731,4466,53.0,Other,IT,28236.0,8.0,7.6,3.3
1732,4466,53.0,Other,IT,28236.0,8.0,7.6,3.3
1733,4466,,Other,IT,28236.0,8.0,7.6,3.3
1734,4466,53.0,Other,IT,28236.0,8.0,7.6,3.3
1735,4466,53.0,Other,IT,28236.0,8.0,7.6,3.3
1736,4466,,Other,IT,28236.0,8.0,7.6,3.3
1737,4470,57.0,Female,Finance,108457.0,,3.2,2.0
1738,4470,57.0,Female,Finance,108457.0,,3.2,2.0
1739,4472,37.0,Other,Finance,87293.0,,,
1740,4472,37.0,Other,Finance,87293.0,,,
1741,4473,49.0,Other,HR,61688.0,19.0,2.0,3.4
1742,4475,23.0,Other,IT,,,4.4,2.6
1743,4475,23.0,Other,IT,,,4.4,2.6
1744,4475,23.0,Other,IT,,,4.4,2.6
1745,4475,23.0,Other,IT,,,4.4,2.6
1746,4476,,Female,Finance,117024.0,19.0,7.3,2.7
1747,4476,,Female,Finance,117024.0,19.0,7.3,2.7
1748,4477,49.0,Male,Operations,49122.0,,8.4,4.3
1749,4477,49.0,Male,Operations,49122.0,,8.4,4.3
1750,4478,57.0,Other,Marketing,66224.0,38.0,5.9,2.9
1751,4478,57.0,Other,Marketing,66224.0,38.0,5.9,2.9
1752,4479,,Female,Engineering,,31.0,1.3,5.0
1753,4479,,Female,Engineering,,31.0,1.3,5.0
1754,4479,,Female,Engineering,,31.0,1.3,5.0
1755,4481,44.0,Male,IT,112102.0,,1.5,3.6
1756,4481,44.0,Male,IT,112102.0,,1.5,3.6
1757,4481,44.0,Male,IT,112102.0,,1.5,3.6
1758,4481,44.0,Male,IT,112102.0,,1.5,3.6
1759,4481,44.0,Male,IT,112102.0,,1.5,3.6
1760,4483,38.0,Other,Sales,111314.0,7.0,7.2,3.6
1761,4486,44.0,Female,IT,111287.0,23.0,,5.0
1762,4488,46.0,Other,Finance,25068.0,32.0,,3.3
1763,4489,53.0,Male,Sales,94253.0,24.0,6.3,
1764,4489,53.0,Male,Sales,94253.0,24.0,6.3,
1765,4489,53.0,Male,Sales,94253.0,24.0,6.3,
1766,4489,53.0,Male,Sales,94253.0,24.0,6.3,
1767,4489,53.0,Male,Sales,94253.0,24.0,6.3,
1768,4489,53.0,Male,Sales,94253.0,24.0,6.3,
1769,4489,53.0,Male,Sales,94253.0,24.0,6.3,
1770,4489,53.0,Male,Sales,94253.0,24.0,6.3,
1771,4490,40.0,Other,Engineering,105754.0,25.0,,3.3
1772,4490,40.0,Other,Engineering,105754.0,25.0,,3.3
1773,4490,40.0,Other,Engineering,105754.0,25.0,,3.3
1774,4492,24.0,Female,Operations,115938.0,19.0,8.4,4.4
1775,4492,24.0,Female,Operations,115938.0,19.0,,4.4
1776,4492,24.0,Female,Operations,115938.0,19.0,,4.4
1777,4496,38.0,Male,Engineering,86321.0,16.0,7.9,1.6
1778,4496,38.0,Male,Engineering,86321.0,16.0,7.9,1.6
1779,4497,,Female,Engineering,,39.0,8.1,3.7
1780,4499,40.0,Male,Marketing,116564.0,,2.1,4.6
1781,4500,28.0,Other,Operations,51709.0,1.0,3.1,3.7
